,email,first_name,last_name,password,sex
user_id_0,marywilliams@gmail.com,Mary,Williams,2b85c!l+3ng77j9h,male
user_id_1,sandrajones@yahoo.com,Sandra,Jones,41s789h-mvkl0jn5,male
user_id_2,johnanderson@yahoo.com,John,Anderson,0f75%b~#ks8n6-v4,female
user_id_3,nancyanderson@outlook.com,Nancy,Anderson,!30gm~2vcnl%dz6-,male
user_id_4,lisajohnson@yahoo.com,Lisa,Johnson,sg67vbz4l?j3650n,male
user_id_5,barbaradavis@hotmail.com,Barbara,Davis,jg57v9adl1x2kb!-,male
user_id_6,lisagonzalez@outlook.com,Lisa,Gonzalez,3%9f86~axsdvk16h,male
user_id_7,marybrown@outlook.com,Mary,Brown,0#%17+67~-a?gd*5,male
user_id_8,barbarajones@yahoo.com,Barbara,Jones,9c563vj7z%a*4n!d,male
user_id_9,malegonzalez@hotmail.com,Male,Gonzalez,1s%a45lh04m*n97d,female
user_id_10,jenniferdavis@outlook.com,Jennifer,Davis,%j*5@xka174l#f+~,male
user_id_11,christopherjackson@hotmail.com,Christopher,Jackson,4l~7029s!#3g5kja,female
user_id_12,christopherhernandez@gmail.com,Christopher,Hernandez,5?8afs0!4xkgvc4m,female
user_id_13,anthonysmith@gmail.com,Anthony,Smith,71k#7@06?+dc~jfn,female
user_id_14,karenmiller@yahoo.com,Karen,Miller,62~dl7s9@m-hn0cf,male
user_id_15,richardsmith@yahoo.com,Richard,Smith,7@86d9gjv-b25*s~,female
user_id_16,robertrodriguez@gmail.com,Robert,Rodriguez,?m3dal2g5%#9-47k,female
user_id_17,jamestaylor@yahoo.com,James,Taylor,xh+s9~a?4m*gf528,female
user_id_18,charleswilliams@hotmail.com,Charles,Williams,#6z35mn?d6f@v7cs,female
user_id_19,markwilliams@gmail.com,Mark,Williams,%8z~1g#4m26l4-9s,female
user_id_20,femalesmith@yahoo.com,Female,Smith,f6@j?4*9!xhm~235,male
user_id_21,robertmiller@hotmail.com,Robert,Miller,vc%~j1!9*5f27#8a,female
user_id_22,patriciamartin@hotmail.com,Patricia,Martin,4~5lazx866+s*@9-,male
user_id_23,jessicaanderson@gmail.com,Jessica,Anderson,nf?7cm3xl1+-78v4,male
user_id_24,jamestaylor@hotmail.com,James,Taylor,?z~5%d4-aj2341g0,female
user_id_25,malewilson@outlook.com,Male,Wilson,gc7~f7@0lnb-djx!,female
user_id_26,lisagarcia@hotmail.com,Lisa,Garcia,2?5a6+@gflj47vzx,male
user_id_27,jenniferdavis@gmail.com,Jennifer,Davis,*hjc#+ds?v846!x-,male
user_id_28,charleswilliams@outlook.com,Charles,Williams,6!fvjz@*2?b7d8ls,female
user_id_29,malethomas@gmail.com,Male,Thomas,g4+zj#s67?vb73d-,female
user_id_30,bettybrown@gmail.com,Betty,Brown,+hbzsd%cafjk4l42,male
user_id_31,patriciamartin@hotmail.com,Patricia,Martin,5nhz?j+b*ascx7lg,male
user_id_32,femalemiller@gmail.com,Female,Miller,?03~c5%6@g7vfh4b,male
user_id_33,barbaraanderson@yahoo.com,Barbara,Anderson,n-v53b@2?a1k#4c~,male
user_id_34,josephjones@hotmail.com,Joseph,Jones,cz!s679?a40#6kbl,female
user_id_35,markmartinez@hotmail.com,Mark,Martinez,@4v0h423-smf757n,female
user_id_36,bettymoore@outlook.com,Betty,Moore,9fk+cvg%6xzmlhsa,male
user_id_37,elizabethmoore@hotmail.com,Elizabeth,Moore,-asn?h26#@+vzxd7,male
user_id_38,sandralopez@outlook.com,Sandra,Lopez,5f6a4*0~19c-s#%4,male
user_id_39,femalemoore@outlook.com,Female,Moore,74?d6hajc2~!1vb4,male
user_id_40,michaelgonzalez@yahoo.com,Michael,Gonzalez,3z7!xsk#6g94f+c7,female
user_id_41,jessicalopez@outlook.com,Jessica,Lopez,8f*+za-b7nd4?0@x,male
user_id_42,matthewmoore@gmail.com,Matthew,Moore,j4dfca6zl3x60+5#,female
user_id_43,elizabethdavis@outlook.com,Elizabeth,Davis,68*b14fhl2g%aj~#,male
user_id_44,barbarabrown@hotmail.com,Barbara,Brown,-n58cd?%#7+90*2g,male
user_id_45,jamesgarcia@outlook.com,James,Garcia,l9a*4#~d7bz-m86n,female
user_id_46,bettyjackson@yahoo.com,Betty,Jackson,s6x24!1c#v@d377k,male
user_id_47,richardhernandez@gmail.com,Richard,Hernandez,06+hv2%s83m57a71,female
user_id_48,davidtaylor@gmail.com,David,Taylor,vs4a20jk6g9*3+bl,female
user_id_49,davidgarcia@hotmail.com,David,Garcia,f41g6nv40jxc8#+s,female
user_id_50,thomasgarcia@yahoo.com,Thomas,Garcia,827x-n+1fh7c43?*,female
user_id_51,richardlopez@hotmail.com,Richard,Lopez,2@46avfm0g34618%,female
user_id_52,sarahsmith@gmail.com,Sarah,Smith,v*%c+6#04m7lbd!8,male
user_id_53,thomasmartinez@yahoo.com,Thomas,Martinez,k7852-0fcd*mj4a@,female
user_id_54,matthewgarcia@gmail.com,Matthew,Garcia,x17kz2an-*3+#@!7,female
user_id_55,michaelbrown@hotmail.com,Michael,Brown,!9+hfxm8l7z76#0a,female
user_id_56,patriciawilliams@gmail.com,Patricia,Williams,xvsd1!6@lg-7bzmn,male
user_id_57,marygarcia@yahoo.com,Mary,Garcia,80*7cf6+j3bs4akv,male
user_id_58,femalejones@yahoo.com,Female,Jones,kg!a?6b28@9%x7m4,male
user_id_59,malerodriguez@yahoo.com,Male,Rodriguez,j!-847%lxam#cbgf,female
user_id_60,richardwilliams@gmail.com,Richard,Williams,4j#35647vfz62b1g,female
user_id_61,thomasthomas@outlook.com,Thomas,Thomas,h+#s6zmvdl9b~68x,female
user_id_62,jamessmith@outlook.com,James,Smith,3az7!c-lx@m*vsn9,female
user_id_63,charlesmoore@hotmail.com,Charles,Moore,!x@6mghl53+*f?9c,female
user_id_64,thomasjohnson@gmail.com,Thomas,Johnson,65d@2h#*gzc!4k%n,female
user_id_65,williammartin@gmail.com,William,Martin,cdb?~4%7162-8l35,female
user_id_66,richardmoore@gmail.com,Richard,Moore,+7~10!d2lm7zs394,female
user_id_67,barbarasmith@outlook.com,Barbara,Smith,7a4x%jl1mh?7#n~s,male
user_id_68,michaelgarcia@outlook.com,Michael,Garcia,7#01asj~6gd853f+,female
user_id_69,michaelhernandez@outlook.com,Michael,Hernandez,%+!6k#h9c?-fdnm7,female
user_id_70,susanwilliams@outlook.com,Susan,Williams,14~8a+67%0*2-v9d,male
user_id_71,danielhernandez@outlook.com,Daniel,Hernandez,?4lv15c9hb4gk!-6,female
user_id_72,danieljohnson@gmail.com,Daniel,Johnson,4jn67zl#gv8~034f,female
user_id_73,matthewjones@outlook.com,Matthew,Jones,g7s5@147z3b~l0hj,female
user_id_74,jessicamoore@hotmail.com,Jessica,Moore,c!#23sdv?b46n5*1,male
user_id_75,malehernandez@gmail.com,Male,Hernandez,4a+5m@z2l?v77j0s,female
user_id_76,josephmartinez@outlook.com,Joseph,Martinez,xk9706a6mj87b+!%,female
user_id_77,sarahmartin@yahoo.com,Sarah,Martin,5+!@nk9g1dcv6az-,male
user_id_78,robertsmith@hotmail.com,Robert,Smith,13j?*ak6#sf78%hb,female
user_id_79,matthewthomas@outlook.com,Matthew,Thomas,9fv5-6kslx4ng~?#,female
user_id_80,malejohnson@yahoo.com,Male,Johnson,v!lnf86m07~*41hk,female
user_id_81,davidlopez@outlook.com,David,Lopez,ns66#m83gvb9z5d7,female
user_id_82,malethomas@outlook.com,Male,Thomas,47~3m*@c4j61sk72,female
user_id_83,barbaralopez@hotmail.com,Barbara,Lopez,2#nz6@53!84?1*as,male
user_id_84,susanmiller@yahoo.com,Susan,Miller,-c14xdfa~6g6+87j,male
user_id_85,thomasmiller@hotmail.com,Thomas,Miller,1sj87vn60g+6-lfd,female
user_id_86,nancygarcia@outlook.com,Nancy,Garcia,7?12~8z4m6f!d-g#,male
user_id_87,sandramartinez@outlook.com,Sandra,Martinez,3?h!~*a#4767%0dk,male
user_id_88,margaretthomas@yahoo.com,Margaret,Thomas,62~v0kl3f4-5ghn8,male
user_id_89,barbaramiller@yahoo.com,Barbara,Miller,g9k6@0jv~f524z3c,male
user_id_90,femalejones@yahoo.com,Female,Jones,~8+2fjgh9v-!d#%a,male
user_id_91,robertgarcia@yahoo.com,Robert,Garcia,zgv0~#%d1*85@6f9,female
user_id_92,femalebrown@yahoo.com,Female,Brown,*%x2k58+7a~g0mcv,male
user_id_93,elizabethwilson@outlook.com,Elizabeth,Wilson,14-j5s67v?xzk9~#,male
user_id_94,anthonydavis@yahoo.com,Anthony,Davis,?6~!+448d7kh%71-,female
user_id_95,markmoore@outlook.com,Mark,Moore,9g8?3k#m74hds!n4,female
user_id_96,susanwilson@hotmail.com,Susan,Wilson,%59+n7z6h2-1x6gv,male
user_id_97,karengonzalez@outlook.com,Karen,Gonzalez,34jm*h077gv1?9c4,male
user_id_98,danielsmith@hotmail.com,Daniel,Smith,%g?1!02dja74kfms,female
user_id_99,matthewbrown@gmail.com,Matthew,Brown,?j#!2n4~vf795zd%,female
